{
  "name": "数据面板-三行数据状态-安德",
  "version": "5.0",
  "config": {
    "scaleFactor": 10000,
    "localPosition": [
      0,
      0,
      0
    ],
    "angles": [
      0,
      0,
      0
    ],
    "layout": [
      0.5,
      1,
      0.5
    ],
    "inheritScale": false,
    "keepSize": false,
    "场景类型": "地图",
    "items": [
      {
        "type": "CanvasPanelPoint",
        "tag": "TAG_Panel_三行数据状态_安德",
        "config": {
          "height": 1,
          "alwaysOnTop": false,
          "pivot": [
            0.5,
            1
          ],
          "lockYAxis": false,
          "inheritOpacity": false,
          "useSpriteMaterial": false,
          "canvasConfig": {
            "contents": {
              "pivot": [
                0,
                1
              ],
              "paddingBottom": 30,
              "paddingRight": 40,
              "paddingLeft": 30,
              "paddingTop": 0,
              "rows": {
                "row0": [
                  {
                    "type": "text",
                    "rowType": "title",
                    "horizontalLayout": "left",
                    "fontSize": 65,
                    "lineSpacing": 45,
                    "shadowBlur": 5,
                    "shadowColor": "#00000080",
                    "getMethod": "objectProperty",
                    "propertyPath": "name"
                  }
                ],
                "row1": [
                  {
                    "type": "text",
                    "horizontalLayout": "left",
                    "fontSize": 45,
                    "lineSpacing": 65,
                    "getMethod": "presetValue",
                    "fontColor": "#00FFFF",
                    "presetValue": "当前频率"
                  },
                  {
                    "type": "block",
                    "horizontalLayout": "center",
                    "size": [
                      200,
                      20
                    ]
                  },
                  {
                    "type": "text",
                    "horizontalLayout": "right",
                    "order": 1,
                    "fontSize": 35,
                    "lineSpacing": 65,
                    "getMethod": "presetValue",
                    "presetValue": "MHz",
                    "fontColor": "#1EF0FF",
                    "paddingTop": 5
                  },
                  {
                    "type": "text",
                    "horizontalLayout": "right",
                    "order": 0,
                    "fontSize": 60,
                    "lineSpacing": 65,
                    "getMethod": "objectProperty",
                    "fontColor": "#1EF0FF",
                    "propertyPath": "MONITOR/_/_/当前频率/value",
                    "decimalDigits": 0
                  }
                ],
                "row2": [
                  {
                    "type": "text",
                    "horizontalLayout": "left",
                    "fontSize": 45,
                    "lineSpacing": 30,
                    "getMethod": "presetValue",
                    "presetValue": "运行状态",
                    "fontColor": "#1EF0FF"
                  },
                  {
                    "type": "stateBar",
                    "horizontalLayout": "right",
                    "textLineSpacing": 10,
                    "textSpacing": 0,
                    "lineSpacing": 0,
                    "paddingTop": 10,
                    "paddingBottom": 10,
                    "paddingLeft": 20,
                    "paddingRight": 0,
                    "roundRectRadius": 15,
                    "fontSize": 40,
                    "showBorder": true,
                    "borderWidth": 1,
                    "getMethod": "objectProperty",
                    "propertyPath": "MONITOR/_/_/运行状态/value",
                    "fillColorConfig": [
                      {
                        "value": "正常",
                        "color": "#2AEB78"
                      },
                      {
                        "value": "维修中",
                        "color": "#FFC332"
                      }
                    ]
                  },
                  {
                    "type": "block",
                    "horizontalLayout": "center",
                    "size": [
                      200,
                      20
                    ]
                  }
                ],
                "row3": [
                  {
                    "type": "text",
                    "horizontalLayout": "left",
                    "fontSize": 45,
                    "lineSpacing": 30,
                    "getMethod": "presetValue",
                    "fontColor": "#00FFFF",
                    "presetValue": "使用率"
                  },
                  {
                    "type": "text",
                    "horizontalLayout": "right",
                    "fontSize": 60,
                    "order": 0,
                    "lineSpacing": 30,
                    "getMethod": "objectProperty",
                    "propertyPath": "MONITOR/_/_/使用率/value",
                    "fontColor": "#1EF0FF",
                    "decimalDigits": 0
                  },
                  {
                    "type": "text",
                    "horizontalLayout": "right",
                    "fontSize": 35,
                    "lineSpacing": 30,
                    "order": 1,
                    "getMethod": "presetValue",
                    "presetValue": "%",
                    "fontColor": "#1EF0FF",
                    "paddingTop": 5
                  },
                  {
                    "type": "block",
                    "horizontalLayout": "center",
                    "size": [
                      200,
                      20
                    ]
                  }
                ],
                "row4": [
                  {
                    "type": "progressBar",
                    "autoWidth": true,
                    "size": [
                      150,
                      20
                    ],
                    "horizontalLayout": "left",
                    "align": "left",
                    "backgroundColor": "#ffffff40",
                    "getMethod": "objectProperty",
                    "propertyPath": "MONITOR/_/_/使用率/value",
                    "lineSpacing": 10,
                    "roundRectRadius": 0,
                    "step": 0.1,
                    "progressColor": {
                      "min": 0,
                      "max": 100,
                      "gradient": true,
                      "steps": [
                        {
                          "condition": "<",
                          "value": 70,
                          "gradientRamp": true,
                          "color": {
                            "values": [
                              "#0FBE3E",
                              "#32F59B"
                            ],
                            "intervals": [
                              0,
                              1
                            ],
                            "gradientType": "vertical"
                          }
                        },
                        {
                          "condition": "<",
                          "value": 90,
                          "gradientRamp": true,
                          "color": {
                            "values": [
                              "#F59432",
                              "#FFEB62"
                            ],
                            "intervals": [
                              0,
                              1
                            ],
                            "gradientType": "vertical"
                          }
                        },
                        {
                          "condition": "<",
                          "value": 100,
                          "gradientRamp": true,
                          "color": {
                            "values": [
                              "#CD1919",
                              "#F6465C"
                            ],
                            "intervals": [
                              0,
                              1
                            ],
                            "gradientType": "vertical"
                          }
                        }
                      ]
                    }
                  }
                ]
              },
              "backgroundImage": {
                "zIndex": 30,
                "url": "images/bg.png",
                "markPixel": 4
              }
            },
            "guide": {
              "show": true,
              "zIndex": 2,
              "url": "images/guide.png",
              "layout": [
                "Center",
                "Bottom"
              ],
              "pivot": [
                0,
                0.5
              ],
              "marginLeft": 0,
              "marginRight": 0,
              "marginTop": 50,
              "marginBottom": 10,
              "size": [
                48,
                32
              ]
            }
          }
        }
      }
    ]
  },
  "configUI": [
    {
      "caption": "3D设置",
      "type": "block",
      "des": "指标配置"
    },
    {
      "caption": "场景类型",
      "content": "点标记在地图、园区、室内不同层级下的大小和距离进行设置，不同层级下的默认大小是基准值，作为调整参数的参考。",
      "type": "valueDefault",
      "block": {
        "name": "3D设置",
        "line": 1
      },
      "des": "场景类型",
      "defaultValues": {
        "地图": {
          "scaleFactor": 10000,
          "keepSize": false
        },
        "园区": {
          "scaleFactor": 10,
          "keepSize": false
        },
        "室内": {
          "scaleFactor": 3,
          "keepSize": false
        }
      }
    },
    {
      "block": {
        "line": 1,
        "name": "3D设置"
      },
      "caption": "大小",
      "content": "设置标记整体大小",
      "des": "scaleFactor",
      "type": "number"
    },
    {
      "block": {
        "line": 1,
        "name": "3D设置"
      },
      "caption": "保持大小",
      "content": "当开启保持大小时，以像素为单位，关闭保持大小时，以米为单位。",
      "des": "keepSize",
      "type": "bool"
    },
    {
      "caption": "基本样式",
      "type": "block",
      "des": "指标配置"
    },
    {
      "caption": "面向摄像机",
      "content": "开启后，无论摄像机角度如何变化，标记的正面始终面向屏幕。",
      "type": "MutexSwitch",
      "flag": "1",
      "des": "items/0/config/useSpriteMaterial",
      "block": {
        "name": "基本样式",
        "line": 1
      }
    },
    {
      "caption": "锁定Y轴",
      "content": "开启后，无论摄像机角度如何变化，标记的Y轴始终面向屏幕。",
      "type": "MutexSwitch",
      "flag": "1",
      "des": "items/0/config/lockYAxis",
      "block": {
        "name": "基本样式",
        "line": 1
      }
    },
    {
      "caption": "渲染置顶",
      "content": "开启后，当前标记置于场景内所有对象的最前面，该属性对模型类标记不生效。",
      "des": "items/0/config/alwaysOnTop",
      "type": "bool",
      "block": {
        "line": 1,
        "name": "基本样式"
      }
    },
    {
      "caption": "标题名称",
      "content": "取值路径输入规范：\n孪生体属性：userData/DATA/属性名\n孪生体编号：id\n孪生体名称：name\n监控：MONITOR/_/_/指标/value",
      "type": "string",
      "des": "items/0/config/canvasConfig/contents/rows/row0/0/propertyPath",
      "block": {
        "name": "基本样式",
        "line": 1
      },
      "width": 200
    },
    {
      "caption": "指标 1 名称",
      "type": "string",
      "des": "items/0/config/canvasConfig/contents/rows/row1/0/presetValue",
      "block": {
        "name": "基本样式",
        "line": 1
      },
      "width": 200
    },
    {
      "caption": "指标 1 取值路径",
      "content": "取值路径输入规范：\n孪生体属性：userData/DATA/属性名\n孪生体编号：id\n孪生体名称：name\n监控：MONITOR/_/_/指标/value",
      "type": "string",
      "des": "items/0/config/canvasConfig/contents/rows/row1/3/propertyPath",
      "block": {
        "name": "基本样式",
        "line": 1
      }
    },
    {
      "caption": "单位",
      "type": "string",
      "des": "items/0/config/canvasConfig/contents/rows/row1/2/presetValue",
      "block": {
        "name": "基本样式",
        "line": 1
      }
    },
    {
      "caption": "保留小数点位数",
      "type": "string",
      "des": "items/0/config/canvasConfig/contents/rows/row1/3/decimalDigits",
      "block": {
        "name": "基本样式",
        "line": 1
      }
    },
    {
      "caption": "指标 2 名称",
      "type": "string",
      "des": "items/0/config/canvasConfig/contents/rows/row2/0/presetValue",
      "block": {
        "name": "基本样式",
        "line": 1
      },
      "width": 200
    },
    {
      "caption": "指标 2 取值路径",
      "type": "string",
      "des": "items/0/config/canvasConfig/contents/rows/row2/1/propertyPath",
      "block": {
        "name": "基本样式",
        "line": 1
      },
      "width": 200
    },
    {
      "caption": "状态颜色",
      "type": "colorTableUnique",
      "des": "items/0/config/canvasConfig/contents/rows/row2/1/fillColorConfig",
      "block": {
        "name": "基本样式",
        "line": 1
      }
    },
    {
      "caption": "指标 3 名称",
      "type": "string",
      "des": "items/0/config/canvasConfig/contents/rows/row3/0/presetValue",
      "block": {
        "name": "基本样式",
        "line": 1
      },
      "width": 200
    },
    {
      "caption": "指标 3 取值路径",
      "type": "string",
      "des": "items/0/config/canvasConfig/contents/rows/row3/1/propertyPath,items/0/config/canvasConfig/contents/rows/row4/0/propertyPath",
      "block": {
        "name": "基本样式",
        "line": 1
      }
    },
    {
      "caption": "单位",
      "type": "string",
      "des": "items/0/config/canvasConfig/contents/rows/row3/2/presetValue",
      "block": {
        "name": "基本样式",
        "line": 1
      }
    },
    {
      "caption": "保留小数点位数",
      "type": "string",
      "des": "items/0/config/canvasConfig/contents/rows/row3/1/decimalDigits",
      "block": {
        "name": "基本样式",
        "line": 1
      }
    },
    {
      "caption": "进度条颜色",
      "type": "colorTableRange",
      "des": "items/0/config/canvasConfig/contents/rows/row4/0/progressColor",
      "block": {
        "name": "基本样式",
        "line": 1
      }
    }
  ],
  "configUIpro": [
    {
      "caption": "继承孪生体缩放",
      "content": "开启后，标记受孪生体的缩放影响，优先级高于保持大小。",
      "des": "inheritScale",
      "type": "bool"
    },
    {
      "caption": "继承孪生体透明",
      "content": "开启后，标记受孪生体的透明度影响。",
      "des": "items/0/config/inheritOpacity",
      "type": "bool"
    },
    {
      "caption": "孪生体锚点位置",
      "content": "设置标记在孪生体上的位置(锚点：孪生体的顶点)。",
      "des": "layout",
      "selections": [
        [
          {
            "key": 0,
            "keyname": "左"
          },
          {
            "key": 0.5,
            "keyname": "中"
          },
          {
            "key": 1,
            "keyname": "右"
          }
        ],
        [
          {
            "key": 1,
            "keyname": "上"
          },
          {
            "key": 0.5,
            "keyname": "中"
          },
          {
            "key": 0,
            "keyname": "下"
          }
        ],
        [
          {
            "key": 1,
            "keyname": "前"
          },
          {
            "key": 0.5,
            "keyname": "中"
          },
          {
            "key": 0,
            "keyname": "后"
          }
        ]
      ],
      "type": "multiselection"
    },
    {
      "caption": "偏移位置",
      "content": "设置标记距离孪生体的位置偏移。",
      "des": "localPosition",
      "number": 3,
      "postfix": [
        "米",
        "米",
        "米"
      ],
      "prefix": [
        "左右方向",
        "上下方向",
        "前后方向"
      ],
      "type": "multinumber"
    },
    {
      "caption": "旋转角度",
      "content": "标记基于世界坐标X,Y,Z的旋转设置，开启面向摄像机、锁定Y轴，设置不生效。",
      "type": "multinumber",
      "number": 3,
      "des": "angles",
      "prefix": [
        "绕X轴",
        "绕Y轴",
        "绕Z轴"
      ],
      "postfix": [
        "度",
        "度",
        "度"
      ]
    }
  ]
}
