{
  "name": "起止线-安德",
  "version": "5.0",
  "config": {
    "totalSize": 1,
    "场景类型": "地图",
    "size": 1,
    "boundingBox": [
      1,
      1,
      1
    ],
    "items": [
      {
        "type": "FlyLine/RouteLineImage",
        "tag": "TAG_FlyLine_起止线_安德",
        "name": "起止线-安德",
        "config": {
          "color": "#1deefe",
          "image": "image/起止线贴图.png",
          "speed": 1,
          "userData": {
            "SKIP_THEME": true
          },
          "width": 20,
          "effect": false,
          "curvature": 1,
          "offsetHeight": 0,
          "growSpeed": 0,
          "growLoop": "no",
          "showHeadline": false,
          "NoBlending": true,
          "headline": {
            "contents": [
              {
                "height": 300,
                "fontColor": "#ff0000",
                "textBgColor": "#ffff00",
                "getMethod": "presetValue",
                "presetValue": "标题文字"
              }
            ]
          },
          "uvRatio": [
            1,
            1
          ]
        }
      }
    ]
  },
  "configUI": [
    {
      "caption": "基本样式",
      "type": "block",
      "des": "区块"
    },
    {
      "caption": "线宽",
      "type": "number",
      "des": "items/0/config/width",
      "block": {
        "name": "基本样式",
        "line": 1
      }
    },
    {
      "caption": "线颜色",
      "type": "color",
      "des": "items/0/config/color",
      "block": {
        "name": "基本样式",
        "line": 2
      }
    },
    {
      "caption": "流动速度",
      "content": "线流动效果的动画速度，方向用正负数控制，0为无动画",
      "type": "number",
      "des": "items/0/config/speed",
      "block": {
        "name": "基本样式",
        "line": 3
      }
    },
    {
      "caption": "贴图重复度",
      "content": "贴图在连线上的重复程度",
      "type": "number",
      "des": "items/0/config/uvRatio/0",
      "block": {
        "name": "基本样式",
        "line": 4
      }
    },
    {
      "caption": "发光",
      "type": "bool",
      "des": "items/0/config/effect",
      "block": {
        "name": "基本样式",
        "line": 5
      }
    },
    {
      "caption": "变亮",
      "type": "bool",
      "des": "items/0/config/NoBlending",
      "content": "参数开启为变亮效果，关闭为贴图正常状态。",
      "block": {
        "name": "基本样式",
        "line": 6
      }
    },
    {
      "caption": "曲率",
      "content": "线在某一点的弯曲程度，曲率越大，表示曲线的弯曲程度越大",
      "type": "number",
      "des": "items/0/config/curvature",
      "block": {
        "name": "基本样式",
        "line": 7
      }
    },
    {
      "caption": "生长速度",
      "content": "线从无到有的动画速度，方向用正负数控制，0为无动画",
      "type": "number",
      "des": "items/0/config/growSpeed",
      "block": {
        "name": "基本样式",
        "line": 8
      }
    },
    {
      "caption": "离地高度",
      "content": "线与地面之间的距离",
      "type": "number",
      "des": "items/0/config/offsetHeight",
      "block": {
        "name": "基本样式",
        "line": 9
      }
    }
  ]
}
